,energy,Cu-Oa,c
0,-10785.7661,2.3455141783853994,12.923698226198
1,-10785.8763,2.3770986317759997,13.058320082689
2,-10785.953,2.408248436211201,13.192941939179
3,-10785.9947,2.4395954880432003,13.32756379577
4,-10786.006,2.4688899100616,13.462185652261
5,-10785.9899,2.4984354368895003,13.596807508751
6,-10785.9442,2.5287149684615002,13.731429365342
7,-10785.8714,2.5577147251284,13.866051221832
8,-10785.7745,2.5850796576647,14.000673078323
