,energy,Cu-Oa,c
0,-11693.3446,1.9637724924960995,11.157210601309
1,-11693.4186,1.9763630904491007,11.273431545088
2,-11693.4697,1.9909011109313006,11.389652488866
3,-11693.4943,2.0060432250188995,11.505873432544
4,-11693.5002,2.0214668299105005,11.622094376322
5,-11693.4871,2.0375168074857006,11.7383153201
6,-11693.4591,2.0534727752096993,11.854536263879
7,-11693.4101,2.0641472435720996,11.970757207657
8,-11693.3523,2.0733487702522995,12.086978151435
