,La-La,Cu-Oa,fit
0,3.7935071147532007,2.497042819160101,2.496674167710914
1,3.8678896072033,2.5246441643914013,2.5250353697918024
2,3.942272099653299,2.5533600219238997,2.5533965718726526
3,4.016654592103401,2.5815298842554997,2.581757773953542
4,4.0910370845534,2.6104059696324002,2.610118976034392
